Time,Latitude,Longitude,Course,kts,mph,AltitudeFeet,Reporting Facility
3:44:57 PM,5.2333,-150.8167,218,512,589,36000,Oakland Oceanic
10:47:51 AM,33.7906,-120.0057,263,450,518,21600,FlightAware ADS-B (KSZP)
10:37:09 PM,-36.9813,174.8972,251,157,181,2100,FlightAware ADS-B (AKL / NZAA)
11:08:57 AM,33.2259,-123.1862,244,476,548,34000,FlightAware ADS-B (KSBA)
8:31:59 PM,-26.2246,-173.7068,208,,,37975,FlightAware Approximate
7:49:02 PM,-21.2622,-170.7343,209,,,37975,FlightAware Approximate
9:56:10 PM,-34.7667,179.55,219,491,565,37975,New Zealand
10:35:42 PM,-36.9593,174.9764,251,189,217,3125,FlightAware ADS-B (AKL / NZAA)
6:01:14 PM,-9.4298,-162.5373,219,490,564,37975,FlightAware ADS-B (MHX / NCMH)
11:18:31 AM,32.6305,-124.542,243,487,560,33975,FlightAware ADS-B (KSBA)
12:42:33 PM,25.35,-134.6667,221,500,575,34000,Oakland Oceanic
6:30:55 PM,-12.5669,-165.0283,218,,,37975,FlightAware Approximate
10:33:22 PM,-36.9108,175.1327,248,246,283,4575,FlightAware ADS-B (NZPK)
10:46:19 AM,33.8145,-119.7822,263,437,503,19700,FlightAware ADS-B (KSMO)
10:14:13 PM,-36.1826,177.2587,246,452,520,33300,FlightAware ADS-B (NZRW)
10:35:21 AM,33.9272,-118.514,265,250,288,2650,FlightAware ADS-B (KLAX)
9:32:27 PM,-32.9066,-178.6394,218,,,37975,FlightAware Approximate
7:26:06 PM,-18.629,-169.1577,210,,,37975,FlightAware Approximate
10:48:18 AM,33.7831,-120.0739,264,452,520,22100,FlightAware ADS-B (KLPC)
8:40:03 PM,-27.1651,-174.2611,208,,,37975,FlightAware Approximate
10:36:52 AM,33.9178,-118.651,270,267,307,6525,FlightAware ADS-B (KSNA)
10:39:51 AM,33.902,-118.9326,263,333,383,11625,FlightAware ADS-B (KLAX)
10:18:21 PM,-36.376,176.7078,247,407,468,25675,FlightAware ADS-B (WHK / NZWK)
6:19:33 PM,-11.3414,-164.054,218,,,38000,FlightAware Approximate
10:51:00 AM,33.7381,-120.4807,262,464,534,25250,FlightAware ADS-B (KSZP)
5:53:42 PM,-8.627,-161.8889,219,489,563,37975,FlightAware ADS-B (MHX / NCMH)
11:12:55 AM,32.9819,-123.7481,244,484,557,33975,FlightAware ADS-B (KSBA)
6:31:56 PM,-12.6725,-165.1128,218,,,37975,FlightAware Approximate
8:28:43 PM,-25.8431,-173.4848,208,,,37975,FlightAware Approximate
9:08:36 PM,-30.4286,-176.3761,217,,,37975,FlightAware Approximate
6:25:08 PM,-11.9631,-164.5467,218,485,558,38000,FlightAware ADS-B (NCPK)
1:51:27 PM,17.8491,-141.0465,214,,,36000,FlightAware Approximate
4:04:09 PM,3.1167,-152.5,219,499,574,36000,Oakland Oceanic
5:43:27 PM,-7.5365,-161.014,219,488,562,38000,FlightAware ADS-B (MHX / NCMH)
7:18:21 PM,-17.7435,-168.6222,210,,,37975,FlightAware Approximate
7:52:27 PM,-21.6569,-170.9669,209,,,37975,FlightAware Approximate
10:03:37 PM,-35.5519,178.7535,220,487,560,38975,FlightAware ADS-B (AMZ / NZAR)
10:59:44 AM,33.5782,-121.8339,262,464,534,33900,FlightAware ADS-B (KSMO)
11:19:11 AM,32.5975,-124.6157,243,488,562,33975,FlightAware ADS-B (KSBA)
10:44:28 AM,33.8419,-119.5225,264,413,475,17600,FlightAware ADS-B (KSZP)
11:04:24 AM,33.4874,-122.5455,260,468,539,34000,FlightAware ADS-B (KCRQ)
6:33:06 PM,-12.7936,-165.2098,218,,,37975,FlightAware Approximate
11:58:08 AM,30,-130,223,499,574,34000,Oakland Oceanic
10:50:30 AM,33.7462,-120.4079,262,462,532,24750,FlightAware ADS-B (KNKX)
10:49:07 AM,33.7694,-120.1971,264,455,524,23175,FlightAware ADS-B (KSBA)
8:49:04 PM,-28.213,-174.8915,208,,,37975,FlightAware Approximate
9:38:06 PM,-33.4875,-179.1939,219,,,37975,FlightAware Approximate
3:16:10 PM,8.4167,-148.2833,218,504,580,36000,Oakland Oceanic
6:20:43 PM,-11.4629,-164.1501,218,,,38000,FlightAware Approximate
2:08:57 PM,15.8167,-142.45,213,499,574,36000,Oakland Oceanic
7:25:01 PM,-18.5053,-169.0825,210,,,37975,FlightAware Approximate
5:34:31 PM,-6.5846,-160.2552,219,490,564,38000,FlightAware ADS-B (MHX / NCMH)
10:29:29 PM,-36.7998,175.4666,247,276,318,9975,FlightAware ADS-B (NZPK)
10:05:00 PM,-35.6898,178.6007,233,475,547,38975,FlightAware ADS-B (AMZ / NZAR)
8:33:04 PM,-26.351,-173.7807,208,,,37975,FlightAware Approximate
7:14:51 PM,-17.3432,-168.3821,210,,,37975,FlightAware Approximate
7:29:31 PM,-19.0189,-169.3955,210,,,37975,FlightAware Approximate
8:25:15 PM,-25.4379,-173.2509,207,,,37975,FlightAware Approximate
10:56:03 AM,33.6466,-121.2713,262,472,543,30300,FlightAware ADS-B (KSBP)
10:10:38 PM,-35.9953,177.7818,246,472,543,39000,FlightAware ADS-B (TRG / NZTG)
11:17:31 AM,32.6943,-124.3993,243,485,558,34000,FlightAware ADS-B (KSBA)
10:11:40 PM,-36.0493,177.6317,246,471,542,38875,FlightAware ADS-B (WHK / NZWK)
10:38:04 PM,-36.9936,174.8528,251,147,169,1425,FlightAware ADS-B (AKL / NZAA)
10:20:28 PM,-36.4677,176.4442,247,376,433,22225,FlightAware ADS-B (NZKE)
10:47:29 AM,33.7961,-119.9544,263,447,514,21150,FlightAware ADS-B (KSMO)
10:46:02 AM,33.8185,-119.7435,263,434,499,19375,FlightAware ADS-B (KSBA)
11:03:23 AM,33.5082,-122.389,262,466,536,34000,FlightAware ADS-B (KSBA)
9:35:44 PM,-33.2445,-178.9607,219,,,37975,FlightAware Approximate
11:16:58 AM,32.729,-124.3213,243,485,558,34000,FlightAware ADS-B (KSBA)
9:16:27 PM,-31.2486,-177.1078,218,,,37975,FlightAware Approximate
10:15:43 PM,-36.2564,177.0492,247,430,495,30275,FlightAware ADS-B (NZRW)
7:39:46 PM,-20.19,-170.1096,208,,,37975,FlightAware Approximate
8:27:31 PM,-25.7029,-173.4037,207,,,37975,FlightAware Approximate
7:08:12 PM,-16.5817,-167.9287,210,,,37975,FlightAware Approximate
1:22:06 PM,21.1687,-138.5194,220,,,36000,FlightAware Approximate
10:46:48 AM,33.8071,-119.852,263,441,507,20275,FlightAware ADS-B (KLPC)
10:22:13 PM,-36.5373,176.2416,248,360,414,19600,FlightAware ADS-B (AKL / NZAA)
10:36:14 AM,33.9208,-118.5927,264,275,316,4525,FlightAware ADS-B (KRNM)
5:59:16 PM,-9.2199,-162.3672,219,489,563,38000,FlightAware ADS-B (MHX / NCMH)
8:51:09 PM,-28.4546,-175.0388,208,,,37975,FlightAware Approximate
9:41:33 PM,-33.841,-179.5361,219,,,37975,FlightAware Approximate
10:03:05 PM,-35.4954,178.8115,220,486,559,39000,FlightAware ADS-B (NZRW)
8:22:56 PM,-25.1669,-173.0954,207,,,37975,FlightAware Approximate
10:45:35 AM,33.8257,-119.6766,263,426,490,18900,FlightAware ADS-B (KSAN)
5:53:12 PM,-8.5746,-161.8467,219,489,563,37975,FlightAware ADS-B (MHX / NCMH)
6:26:27 PM,-12.1033,-164.6584,218,487,560,38000,FlightAware ADS-B (NCPK)
10:40:21 AM,33.8963,-118.9886,263,354,407,12025,FlightAware ADS-B (KRNM)
6:56:58 PM,-15.2933,-167.1709,209,,,37975,FlightAware Approximate
6:58:09 PM,-15.4291,-167.2503,209,,,37975,FlightAware Approximate
11:01:22 AM,33.5472,-122.0825,262,463,533,34000,FlightAware ADS-B (KSBA)
8:30:46 PM,-26.0826,-173.624,208,,,37975,FlightAware Approximate
12:32:43 PM,26.4573,-133.6114,221,,,34000,FlightAware Approximate
8:44:38 PM,-27.6985,-174.5803,208,,,37975,FlightAware Approximate
11:08:27 AM,33.255,-123.1183,244,476,548,33975,FlightAware ADS-B (KSBA)
6:38:44 PM,-13.3781,-165.6797,218,,,37975,FlightAware Approximate
10:08:35 PM,-35.8842,178.0879,246,471,542,38975,FlightAware ADS-B (AKL / NZAA)
9:46:03 PM,-34.3007,-179.9867,219,,,37975,FlightAware Approximate
10:37:48 PM,-36.9904,174.8647,251,147,169,1600,FlightAware ADS-B (NZPK)
6:43:15 PM,-13.846,-166.0581,218,,,37975,FlightAware Approximate
10:20:58 PM,-36.4881,176.3844,247,370,426,21450,FlightAware ADS-B (NZKE)
7:11:39 PM,-16.9769,-168.1635,210,,,37975,FlightAware Approximate
3:17:33 PM,8.2739,-148.3979,218,,,36000,FlightAware Approximate
7:36:27 PM,-19.8091,-169.8817,210,,,37975,FlightAware Approximate
1:01:46 PM,23.3333,-136.5667,220,498,573,36000,Oakland Oceanic
1:11:22 PM,22.3167,-137.5,220,497,572,36000,Oakland Oceanic
6:41:58 PM,-13.7131,-165.9504,218,,,37975,FlightAware Approximate
10:42:08 AM,33.8736,-119.2147,263,389,448,14375,FlightAware ADS-B (KPOC)
9:09:44 PM,-30.5472,-176.481,217,,,37975,FlightAware Approximate
11:32:27 AM,31.6635,-126.4141,243,,,33975,FlightAware Approximate
8:17:03 PM,-24.489,-172.6814,209,,,37975,FlightAware Approximate
9:48:10 PM,-34.5164,179.7996,219,,,37975,FlightAware Approximate
9:44:48 PM,-34.1732,-179.8611,219,,,37975,FlightAware Approximate
12:32:57 PM,26.3667,-133.6833,221,504,580,34000,Oakland Oceanic
11:18:01 AM,32.6684,-124.4573,242,434,499,34000,FlightAware ADS-B (KSBA)
6:36:35 PM,-13.1551,-165.5001,218,,,37975,FlightAware Approximate
2:15:57 PM,15,-143,218,502,578,36000,Oakland Oceanic
10:34:19 AM,33.9337,-118.4396,264,184,212,1300,FlightAware ADS-B (KSNA)
4:13:45 PM,2.0833,-153.3333,219,496,571,36000,Oakland Oceanic
10:06:54 PM,-35.7951,178.3315,246,466,536,39000,FlightAware ADS-B (AKL / NZAA)
10:05:50 PM,-35.7389,178.4842,246,466,536,38975,FlightAware ADS-B (AMZ / NZAR)
9:00:26 PM,-29.529,-175.7035,209,,,37975,FlightAware Approximate
6:59:17 PM,-15.5592,-167.3264,209,,,37975,FlightAware Approximate
11:22:49 AM,32.3628,-125.1354,243,493,567,33975,FlightAware ADS-B (KSBA)
6:46:35 PM,-14.191,-166.3384,218,,,37975,FlightAware Approximate
12:13:46 PM,28.3833,-131.6833,222,503,579,34000,Oakland Oceanic
11:10:56 AM,33.1033,-123.4696,243,482,555,33975,FlightAware ADS-B (KTOA)
9:53:03 PM,-34.45,179.8667,219,490,564,37975, New Zealand
8:52:32 PM,-28.6149,-175.137,208,,,37975,FlightAware Approximate
11:00:22 AM,33.5663,-121.9293,263,464,534,33975,FlightAware ADS-B (KSBA)
5:48:41 PM,-8.0926,-161.4593,219,490,564,37975,FlightAware ADS-B (MHX / NCMH)
11:02:53 AM,33.5181,-122.3119,261,465,535,33975,FlightAware ADS-B (KSNA)
6:25:38 PM,-12.016,-164.5888,218,484,557,37975,FlightAware ADS-B (NCPK)
6:13:31 PM,-10.7126,-163.5584,218,,,38000,FlightAware Approximate
1:20:58 PM,21.2833,-138.4167,220,498,573,36000,Oakland Oceanic
5:37:30 PM,-6.9033,-160.5088,219,487,560,38000,FlightAware ADS-B (MHX / NCMH)
7:45:30 PM,-20.8536,-170.4951,209,,,37975,FlightAware Approximate
9:50:32 PM,-34.757,179.5594,219,,,37975,FlightAware Approximate
9:28:56 PM,-32.5437,-178.2979,218,,,37975,FlightAware Approximate
11:04:42 AM,33.4772,-122.5891,251,472,543,33975,FlightAware ADS-B (KSMX)
10:09:38 PM,-35.9421,177.929,246,472,543,39000,FlightAware ADS-B (TRG / NZTG)
6:03:45 PM,-9.6957,-162.7527,219,487,560,38000,FlightAware ADS-B (MHX / NCMH)
1:29:14 PM,20.445,-139.161,220,,,36000,FlightAware Approximate
7:31:41 PM,-19.2659,-169.547,210,,,37975,FlightAware Approximate
10:19:00 PM,-36.406,176.6215,247,393,452,24575,FlightAware ADS-B (NZRW)
11:21:48 AM,32.4212,-125.007,243,493,567,33975,FlightAware ADS-B (KSBA)
10:30:46 PM,-36.8366,175.3557,249,265,305,7925,FlightAware ADS-B (AKL / NZAA)
9:02:50 PM,-29.8062,-175.8776,209,,,37975,FlightAware Approximate
7:55:55 PM,-22.0571,-171.2043,209,,,37975,FlightAware Approximate
7:28:24 PM,-18.8915,-169.3177,210,,,37975,FlightAware Approximate
8:14:54 PM,-24.2422,-172.5286,209,,,37975,FlightAware Approximate
11:03:53 AM,33.4983,-122.4655,261,467,537,34000,FlightAware ADS-B (KSNA)
11:14:29 AM,32.8859,-123.9668,244,485,558,33975,FlightAware ADS-B (KSBA)
5:51:11 PM,-8.3612,-161.6751,219,491,565,38000,FlightAware ADS-B (MHX / NCMH)
11:05:11 AM,33.4514,-122.6586,244,474,545,33975,FlightAware ADS-B (KSBA)
11:25:08 AM,32.2059,-125.4788,243,491,565,33975,FlightAware ADS-B (KSBA)
6:04:37 PM,-9.7869,-162.8267,219,487,560,38000,FlightAware ADS-B (MHX / NCMH)
10:35:58 PM,-36.9639,174.9601,251,177,204,3025,FlightAware ADS-B (NZPI)
8:41:20 PM,-27.3145,-174.3502,208,,,37975,FlightAware Approximate
7:50:06 PM,-21.3854,-170.8068,209,,,37975,FlightAware Approximate
10:54:53 AM,33.6683,-121.0867,262,478,550,28850,FlightAware ADS-B (KTOA)
10:38:52 PM,-37.0048,174.8126,251,150,173,800,FlightAware ADS-B (AKL / NZAA)
9:22:07 PM,-31.8379,-177.6439,218,,,37975,FlightAware Approximate
8:36:38 PM,-26.767,-174.0252,208,,,37975,FlightAware Approximate
11:20:18 AM,32.5177,-124.7935,242,523,602,34000,FlightAware ADS-B (KSBA)
10:22:43 PM,-36.5563,176.1856,248,358,412,18825,FlightAware ADS-B (AKL / NZAA)
9:10:50 PM,-30.6623,-176.583,217,,,37975,FlightAware Approximate
6:49:51 PM,-14.5287,-166.6138,218,,,37975,FlightAware Approximate
10:51:30 AM,33.7293,-120.5583,262,465,535,25775,FlightAware ADS-B (KSMO)
8:50:07 PM,-28.3348,-174.9657,208,,,37975,FlightAware Approximate
11:35:24 AM,31.5333,-126.9,241,490,564,34000,Oakland Oceanic
11:00:52 AM,33.5566,-122.007,263,464,534,34000,FlightAware ADS-B (KSBA)
11:30:21 AM,31.7908,-126.1252,243,,,33975,FlightAware Approximate
2:37:46 PM,12.6,-144.95,218,501,577,36000,Oakland Oceanic
10:37:32 PM,-36.9867,174.8779,251,148,170,1825,FlightAware ADS-B (AKL / NZAA)
7:44:26 PM,-20.7302,-170.4231,209,,,37975,FlightAware Approximate
8:34:11 PM,-26.4813,-173.8571,208,,,37975,FlightAware Approximate
10:33:01 PM,-36.901,175.1624,249,262,302,4825,FlightAware ADS-B (AKL / NZAA)
6:44:20 PM,-13.9582,-166.1491,218,,,37975,FlightAware Approximate
7:22:44 PM,-18.2445,-168.9244,210,,,37975,FlightAware Approximate
7:59:06 PM,-22.4243,-171.4234,209,,,37975,FlightAware Approximate
5:41:36 PM,-7.3397,-160.8568,219,489,563,38000,FlightAware ADS-B (MHX / NCMH)
5:51:41 PM,-8.4147,-161.7181,219,491,565,38000,FlightAware ADS-B (MHX / NCMH)
10:21:28 PM,-36.5081,176.3258,247,369,425,20675,FlightAware ADS-B (TRG / NZTG)
1:58:19 PM,17.0948,-141.5704,214,,,36000,FlightAware Approximate
3:24:54 PM,7.515,-149.0054,218,,,36000,FlightAware Approximate
10:56:32 AM,33.638,-121.343,263,469,540,30875,FlightAware ADS-B (KCRQ)
10:48:48 AM,33.7748,-120.1488,262,454,522,22800,FlightAware ADS-B (KMPI)
11:24:32 AM,32.2457,-125.3921,243,493,567,34000,FlightAware ADS-B (KSBA)
3:35:21 PM,6.3,-149.9667,218,509,586,36000,Oakland Oceanic
10:23:13 PM,-36.5765,176.1266,247,355,409,17950,FlightAware ADS-B (NZPI)
10:38:06 AM,33.9174,-118.7604,269,272,313,9450,FlightAware ADS-B (KLGB)
11:34:03 AM,31.5661,-126.6337,243,,,33975,FlightAware Approximate
11:06:53 AM,33.3498,-122.8973,243,476,548,34000,FlightAware ADS-B (KTOA)
10:28:09 PM,-36.757,175.5946,248,322,371,10775,FlightAware ADS-B (AKL / NZAA)
10:59:04 AM,33.591,-121.7295,262,465,535,33325,FlightAware ADS-B (KSBP)
5:55:12 PM,-8.7875,-162.0182,219,491,565,38000,FlightAware ADS-B (MHX / NCMH)
12:31:32 PM,26.575,-133.4971,221,,,34000,FlightAware Approximate
10:24:33 PM,-36.6271,175.9784,247,347,399,15850,FlightAware ADS-B (NZPI)
10:53:00 AM,33.7026,-120.7915,262,474,545,27050,FlightAware ADS-B (KNKX)
10:47:08 AM,33.8019,-119.9005,264,443,510,20700,FlightAware ADS-B (KLPC)
10:12:43 PM,-36.105,177.4769,246,467,537,36650,FlightAware ADS-B (WHK / NZWK)
2:18:34 PM,14.7167,-143.2333,218,503,579,36000,Oakland Oceanic
10:14:43 PM,-36.208,177.1877,246,446,513,32250,FlightAware ADS-B (NZRW)
5:52:11 PM,-8.4683,-161.7612,219,490,564,37975,FlightAware ADS-B (MHX / NCMH)
11:07:27 AM,33.3154,-122.9775,244,475,547,34000,FlightAware ADS-B (KSBA)
6:40:57 PM,-13.6078,-165.8653,218,,,37975,FlightAware Approximate
8:12:35 PM,-23.9762,-172.3646,209,,,37975,FlightAware Approximate
6:22:35 PM,-11.6572,-164.304,218,,,38000,FlightAware Approximate
9:34:44 PM,-33.1416,-178.8626,219,,,37975,FlightAware Approximate
9:15:16 PM,-31.1252,-176.9967,218,,,37975,FlightAware Approximate
10:31:44 PM,-36.8648,175.2716,247,268,308,6450,FlightAware ADS-B (NZKE)
10:05:20 PM,-35.7123,178.556,243,468,539,39000,FlightAware ADS-B (AMZ / NZAR)
10:38:36 PM,-37.0009,174.8264,251,148,170,1000,FlightAware ADS-B (NZPI)
10:37:17 AM,33.9177,-118.6863,270,268,308,7550,FlightAware ADS-B (KSZP)
6:00:06 PM,-9.3078,-162.4384,219,489,563,38000,FlightAware ADS-B (MHX / NCMH)
7:30:39 PM,-19.1481,-169.4747,210,,,37975,FlightAware Approximate
5:36:32 PM,-6.8018,-160.428,219,489,563,38000,FlightAware ADS-B (MHX / NCMH)
3:54:33 PM,4.1667,-151.6667,219,502,578,36000,Oakland Oceanic
9:19:51 PM,-31.6024,-177.4287,218,,,37975,FlightAware Approximate
10:52:30 AM,33.7117,-120.7124,262,470,541,26650,FlightAware ADS-B (KSZP)
2:56:58 PM,10.5,-146.6,218,491,565,36000,Oakland Oceanic
9:24:26 PM,-32.0781,-177.8651,218,,,37975,FlightAware Approximate
5:57:44 PM,-9.059,-162.2373,219,489,563,37975,FlightAware ADS-B (MHX / NCMH)
1:59:22 PM,16.9167,-141.6833,214,498,573,36000,Oakland Oceanic
4:52:09 PM,-2.05,-156.6333,219,493,567,36000,Oakland Oceanic
9:52:02 PM,-34.3333,179.9833,220,489,563,37975, New Zealand
9:20:59 PM,-31.7202,-177.5362,218,,,37975,FlightAware Approximate
5:46:11 PM,-7.8251,-161.2449,219,490,564,37975,FlightAware ADS-B (PYE / NCPY)
8:55:54 PM,-29.0047,-175.3772,208,,,37975,FlightAware Approximate
10:16:21 PM,-36.2859,176.9666,246,420,483,29175,FlightAware ADS-B (NZPI)
2:28:10 PM,13.65,-144.1,218,503,579,36000,Oakland Oceanic
9:37:01 PM,-33.3763,-179.087,219,,,37975,FlightAware Approximate
7:10:29 PM,-16.8433,-168.084,210,,,37975,FlightAware Approximate
5:44:08 PM,-7.6085,-161.0717,219,487,560,37975,FlightAware ADS-B (MHX / NCMH)
6:00:44 PM,-9.376,-162.4935,219,489,563,37975,FlightAware ADS-B (MHX / NCMH)
12:52:10 PM,24.3333,-135.6333,221,498,573,36000,Oakland Oceanic
11:11:25 AM,33.0747,-123.5354,244,483,556,34000,FlightAware ADS-B (KSBA)
7:35:21 PM,-19.6838,-169.8042,210,,,37975,FlightAware Approximate
10:27:39 PM,-36.7389,175.6476,248,333,383,11175,FlightAware ADS-B (AKL / NZAA)
8:07:07 PM,-23.3477,-171.9803,209,,,37975,FlightAware Approximate
10:11:08 PM,-36.0219,177.708,246,471,542,38975,FlightAware ADS-B (TRG / NZTG)
8:01:35 PM,-22.7105,-171.5951,209,,,37975,FlightAware Approximate
8:03:47 PM,-22.964,-171.7478,209,,,37975,FlightAware Approximate
9:31:15 PM,-32.7829,-178.5226,218,,,37975,FlightAware Approximate
10:29:55 PM,-36.812,175.4292,249,274,315,9225,FlightAware ADS-B (AKL / NZAA)
7:27:18 PM,-18.7659,-169.2411,210,,,37975,FlightAware Approximate
8:58:16 PM,-29.2785,-175.5471,208,,,37975,FlightAware Approximate
8:26:25 PM,-25.5743,-173.3294,207,,,37975,FlightAware Approximate
10:53:30 AM,33.6938,-120.8687,263,476,548,27450,FlightAware ADS-B (KSZP)
10:28:39 PM,-36.7735,175.5446,249,310,357,10500,FlightAware ADS-B (AKL / NZAA)
7:12:49 PM,-17.1105,-168.2431,210,,,37975,FlightAware Approximate
10:08:02 PM,-35.8559,178.1654,246,470,541,39000,FlightAware ADS-B (TRG / NZTG)
8:35:33 PM,-26.6407,-173.9508,208,,,37975,FlightAware Approximate
8:53:33 PM,-28.7327,-175.2093,208,,,37975,FlightAware Approximate
11:12:26 AM,33.0123,-123.6785,244,484,557,33975,FlightAware ADS-B (KSBA)
8:08:10 PM,-23.4684,-172.0539,209,,,37975,FlightAware Approximate
10:52:00 AM,33.7208,-120.6333,263,467,537,26200,FlightAware ADS-B (KSZP)
9:30:09 PM,-32.6694,-178.4158,218,,,37975,FlightAware Approximate
8:56:59 PM,-29.1301,-175.4549,208,,,37975,FlightAware Approximate
10:55:33 AM,33.656,-121.1909,262,474,545,29725,FlightAware ADS-B (KSAN)
10:25:34 PM,-36.6643,175.8689,247,335,386,14550,FlightAware ADS-B (AMZ / NZAR)
10:34:10 PM,-36.9302,175.0747,248,219,252,4250,FlightAware ADS-B (NZPK)
1:30:22 PM,20.3298,-139.2624,220,,,36000,FlightAware Approximate
10:13:13 PM,-36.1313,177.4038,246,469,540,35275,FlightAware ADS-B (NZRW)
9:47:08 PM,-34.4111,179.9041,219,,,37975,FlightAware Approximate
6:48:47 PM,-14.4185,-166.5238,218,,,37975,FlightAware Approximate
10:19:34 PM,-36.4293,176.5543,246,386,444,23700,FlightAware ADS-B (ROT / NZRO)
10:43:27 AM,33.8562,-119.385,263,402,463,16250,FlightAware ADS-B (KLPC)
10:31:16 PM,-36.8507,175.3137,248,266,306,7100,FlightAware ADS-B (NZPK)
11:13:56 AM,32.9192,-123.8911,244,485,558,34000,FlightAware ADS-B (KSBA)
6:45:31 PM,-14.0806,-166.2486,218,,,37975,FlightAware Approximate
10:57:34 AM,33.6186,-121.5028,262,466,536,32025,FlightAware ADS-B (KSBP)
10:12:13 PM,-36.0787,177.5497,246,469,540,37800,FlightAware ADS-B (NZRW)
11:21:18 AM,32.4537,-124.9351,243,492,566,34000,FlightAware ADS-B (KSBA)
10:42:27 AM,33.8695,-119.2536,264,393,452,14800,FlightAware ADS-B (KLPC)
3:47:04 PM,5,-151,219,506,582,36000,Oakland Oceanic
10:15:13 PM,-36.2324,177.1183,246,440,506,31225,FlightAware ADS-B (TRG / NZTG)
10:34:56 PM,-36.946,175.0246,251,193,222,3850,FlightAware ADS-B (NZWP)
10:56:52 AM,33.6316,-121.3959,263,467,537,31250,FlightAware ADS-B (KSZP)
5:52:41 PM,-8.521,-161.8035,219,490,564,38000,FlightAware ADS-B (MHX / NCMH)
9:57:13 PM,-34.8833,179.4333,219,492,566,37975, New Zealand
9:07:21 PM,-30.2976,-176.2608,217,,,37975,FlightAware Approximate
10:33:47 PM,-36.9209,175.102,248,233,268,4400,FlightAware ADS-B (AKL / NZAA)
4:32:57 PM,0,-155,219,552,635,36000,Oakland Oceanic
1:40:10 PM,19.15,-140.1167,214,501,577,36000,Oakland Oceanic
9:27:51 PM,-32.4318,-178.1933,218,,,37975,FlightAware Approximate
8:10:31 PM,-23.7387,-172.2189,209,,,37975,FlightAware Approximate
5:35:32 PM,-6.6945,-160.3425,219,490,564,37975,FlightAware ADS-B (MHX / NCMH)
7:57:00 PM,-22.1821,-171.2787,209,,,37975,FlightAware Approximate
10:41:21 AM,33.8839,-119.1136,263,380,437,13200,FlightAware ADS-B (KSMO)
10:39:24 PM,-37.0119,174.7867,250,141,162,425,FlightAware ADS-B (AKL / NZAA)
10:44:46 AM,33.8376,-119.5631,264,416,479,17975,FlightAware ADS-B (KNTD)
6:29:40 PM,-12.4371,-164.9246,218,,,37975,FlightAware Approximate
10:34:51 AM,33.9303,-118.4759,265,218,251,2025,FlightAware ADS-B (KSMO)
7:02:37 PM,-15.9416,-167.5509,209,,,37975,FlightAware Approximate
9:39:21 PM,-33.6157,-179.3175,219,,,37975,FlightAware Approximate
6:55:45 PM,-15.1535,-167.0894,209,,,37975,FlightAware Approximate
6:03:10 PM,-9.6358,-162.7042,219,487,560,38000,FlightAware ADS-B (MHX / NCMH)
9:06:13 PM,-30.1788,-176.1564,217,,,37975,FlightAware Approximate
8:37:48 PM,-26.903,-174.1056,208,,,37975,FlightAware Approximate
11:26:38 AM,32.107,-125.6936,243,492,566,33975,FlightAware ADS-B (KSBA)
10:35:51 AM,33.9236,-118.5577,265,270,311,3550,FlightAware ADS-B (KLAX)
5:56:18 PM,-8.9064,-162.1141,219,489,563,38000,FlightAware ADS-B (MHX / NCMH)
10:09:08 PM,-35.9145,178.0046,246,472,543,39000,FlightAware ADS-B (TRG / NZTG)
9:59:36 PM,-35.1318,179.1825,220,488,562,39000,FlightAware ADS-B (WHK / NZWK)
5:42:26 PM,-7.425,-160.9249,219,487,560,37975,FlightAware ADS-B (PYE / NCPY)
6:16:09 PM,-10.9871,-163.7745,218,,,38000,FlightAware Approximate
10:04:41 PM,-35.6619,178.6393,223,483,556,38975,FlightAware ADS-B (NZRW)
6:09:24 PM,-10.2831,-163.2214,218,,,38000,FlightAware Approximate
10:41:39 AM,33.8802,-119.1514,263,383,441,13650,FlightAware ADS-B (KTOA)
10:00:48 PM,-35.2586,179.0536,220,489,563,38975,FlightAware ADS-B (NZRW)
8:09:25 PM,-23.6122,-172.1416,209,,,37975,FlightAware Approximate
9:49:20 PM,-34.6351,179.6813,219,,,37975,FlightAware Approximate
7:00:27 PM,-15.6931,-167.4049,209,,,37975,FlightAware Approximate
3:06:34 PM,9.4667,-147.4333,219,502,578,36000,Oakland Oceanic
9:17:33 PM,-31.3631,-177.2114,218,,,37975,FlightAware Approximate
1:30:34 PM,20.2667,-139.3167,223,486,559,36000,Oakland Oceanic
9:05:09 PM,-30.0669,-176.0585,217,,,37975,FlightAware Approximate
1:30:54 PM,20.2333,-139.35,214,497,572,36000,Oakland Oceanic
7:46:43 PM,-20.9943,-170.5773,209,,,37975,FlightAware Approximate
9:40:27 PM,-33.7284,-179.4266,219,,,37975,FlightAware Approximate
9:01:37 PM,-29.6657,-175.7892,209,,,37975,FlightAware Approximate
10:23:33 PM,-36.5889,176.0905,247,352,405,17525,FlightAware ADS-B (AKL / NZAA)
5:46:46 PM,-7.8882,-161.2955,219,492,566,38000,FlightAware ADS-B (MHX / NCMH)
5:47:34 PM,-7.9743,-161.3645,219,490,564,38000,FlightAware ADS-B (MHX / NCMH)
11:05:41 AM,33.4211,-122.7299,243,474,545,33975,FlightAware ADS-B (KWVI)
6:51:12 PM,-14.6682,-166.7279,218,,,37975,FlightAware Approximate
7:20:29 PM,-17.9874,-168.769,210,,,37975,FlightAware Approximate
8:46:45 PM,-27.9443,-174.7285,208,,,37975,FlightAware Approximate
10:53:55 AM,33.6865,-120.932,262,478,550,27825,FlightAware ADS-B (KSMO)
11:20:48 AM,32.4853,-124.8652,243,490,564,33975,FlightAware ADS-B (KSBA)
11:09:58 AM,33.1636,-123.3302,244,478,550,34000,FlightAware ADS-B (KSBA)
10:36:47 PM,-36.9762,174.9158,251,162,186,2425,FlightAware ADS-B (AKL / NZAA)
10:45:18 AM,33.8297,-119.6385,264,423,487,18575,FlightAware ADS-B (KSZP)
11:11:56 AM,33.0433,-123.6076,244,483,556,34000,FlightAware ADS-B (KSBA)
12:23:22 PM,27.3833,-132.7,222,504,580,34000,Oakland Oceanic
7:32:59 PM,-19.4141,-169.638,210,,,37975,FlightAware Approximate
10:25:04 PM,-36.6457,175.9232,248,341,392,15125,FlightAware ADS-B (AKL / NZAA)
11:07:57 AM,33.2854,-123.0477,244,475,547,33975,FlightAware ADS-B (KSBA)
6:53:30 PM,-14.9057,-166.9226,218,,,37975,FlightAware Approximate
4:23:21 PM,1.05,-154.1667,218,498,573,36000,Oakland Oceanic
9:23:17 PM,-31.9589,-177.7551,218,,,37975,FlightAware Approximate
10:01:48 PM,-35.3624,178.9476,220,490,564,39000,FlightAware ADS-B (NZRW)
12:24:25 PM,27.2786,-132.8018,222,,,34000,FlightAware Approximate
10:02:35 PM,-35.4432,178.8648,220,488,562,38975,FlightAware ADS-B (NZRW)
10:06:20 PM,-35.7657,178.4115,246,466,536,38975,FlightAware ADS-B (AMZ / NZAR)
8:00:27 PM,-22.5799,-171.5166,209,,,37975,FlightAware Approximate
9:58:51 PM,-35.0511,179.2643,220,489,563,38975,FlightAware ADS-B (WHK / NZWK)
5:57:11 PM,-8.9991,-162.1889,219,489,563,37975,FlightAware ADS-B (MHX / NCMH)
7:16:09 PM,-17.4919,-168.4711,210,,,37975,FlightAware Approximate
7:38:44 PM,-20.0703,-170.0405,208,,,37975,FlightAware Approximate
11:24:01 AM,32.277,-125.3237,242,521,600,34000,FlightAware ADS-B (KSBA)
11:44:59 AM,30.9,-128.2333,240,488,562,34000,Oakland Oceanic
11:10:25 AM,33.1379,-123.3899,244,480,552,34000,FlightAware ADS-B (KSBA)
10:30:26 PM,-36.8277,175.3826,247,272,313,8450,FlightAware ADS-B (NZPI)
10:34:35 AM,33.9321,-118.4559,263,196,226,1775,FlightAware ADS-B (KSMO)
10:43:53 AM,33.8505,-119.441,263,406,467,16850,FlightAware ADS-B (KCSL)
8:24:01 PM,-25.2937,-173.168,207,,,37975,FlightAware Approximate
7:51:15 PM,-21.5183,-170.8851,209,,,37975,FlightAware Approximate
2:47:22 PM,11.55,-145.7833,218,497,572,36000,Oakland Oceanic
9:55:07 PM,-34.6667,179.65,219,489,563,37975, New Zealand
5:50:41 PM,-8.3072,-161.6317,219,490,564,37975,FlightAware ADS-B (MHX / NCMH)
7:43:18 PM,-20.5991,-170.3468,209,,,37975,FlightAware Approximate
5:44:51 PM,-7.6836,-161.1317,219,487,560,38000,FlightAware ADS-B (PYE / NCPY)
9:33:34 PM,-33.0216,-178.7484,218,,,37975,FlightAware Approximate
10:36:14 PM,-36.9678,174.946,251,166,191,2900,FlightAware ADS-B (AKL / NZAA)
6:34:06 PM,-12.8975,-165.2931,218,,,37975,FlightAware Approximate
12:45:55 PM,25,-135,221,499,574,34000,Oakland Oceanic
10:27:09 PM,-36.7211,175.7006,247,333,383,12000,FlightAware ADS-B (AKL / NZAA)
4:42:33 PM,-1.0167,-155.8167,219,489,563,36000,Oakland Oceanic
6:23:56 PM,-11.7977,-164.4154,218,,,38000,FlightAware Approximate
10:40:51 AM,33.8902,-119.051,263,372,428,12475,FlightAware ADS-B (KSNA)
5:49:11 PM,-8.1472,-161.5031,219,491,565,37975,FlightAware ADS-B (MHX / NCMH)
11:06:12 AM,33.3907,-122.8014,243,475,547,33975,FlightAware ADS-B (KEMT)
5:01:45 PM,-3.0833,-157.4667,219,493,567,36000,Oakland Oceanic
9:12:00 PM,-30.7842,-176.6915,217,,,37975,FlightAware Approximate
10:04:08 PM,-35.6044,178.6994,220,488,562,39000,FlightAware ADS-B (TRG / NZTG)
7:58:05 PM,-22.3071,-171.3533,209,,,37975,FlightAware Approximate
8:15:58 PM,-24.3647,-172.6043,209,,,37975,FlightAware Approximate
10:17:21 PM,-36.331,176.8372,247,415,478,27475,FlightAware ADS-B (WHK / NZWK)
10:36:31 PM,-36.9724,174.9295,251,162,186,2625,FlightAware ADS-B (AKL / NZAA)
7:53:32 PM,-21.782,-171.041,209,,,37975,FlightAware Approximate
9:03:51 PM,-29.9236,-175.9517,209,,,37975,FlightAware Approximate
3:01:38 PM,10,-147,219,499,574,36000,Oakland Oceanic
11:13:25 AM,32.9517,-123.8169,243,484,557,33975,FlightAware ADS-B (KSBA)
11:02:23 AM,33.528,-122.2334,262,464,534,33975,FlightAware ADS-B (KSBA)
6:07:11 PM,-10.0517,-163.0404,218,,,38000,FlightAware Approximate
11:26:01 AM,32.1499,-125.6005,243,493,567,34000,FlightAware ADS-B (KSBA)
10:58:35 AM,33.5998,-121.658,262,465,535,32925,FlightAware ADS-B (KSBA)
6:27:13 PM,-12.1824,-164.7214,218,483,556,37975,FlightAware ADS-B (NCPK)
6:35:22 PM,-13.0289,-165.3987,218,,,37975,FlightAware Approximate
8:18:19 PM,-24.6343,-172.7717,209,,,37975,FlightAware Approximate
10:00:08 PM,-35.1883,179.1251,220,488,562,39000,FlightAware ADS-B (NZRW)
10:57:12 AM,33.6254,-121.4468,262,467,537,31650,FlightAware ADS-B (KLAX)
11:15:54 AM,32.7963,-124.1697,243,486,559,34000,FlightAware ADS-B (KSBA)
10:39:08 PM,-37.0082,174.8001,252,150,173,600,FlightAware ADS-B (NZPK)
7:34:03 PM,-19.5357,-169.7129,210,,,37975,FlightAware Approximate
8:05:54 PM,-23.2076,-171.8953,209,,,37975,FlightAware Approximate
5:38:51 PM,-7.0472,-160.6234,219,488,562,37975,FlightAware ADS-B (MHX / NCMH)
10:35:26 PM,-36.9549,174.9922,251,191,220,3350,FlightAware ADS-B (AKL / NZAA)
8:21:47 PM,-25.0324,-173.0185,207,,,37975,FlightAware Approximate
7:54:34 PM,-21.9013,-171.1117,209,,,37975,FlightAware Approximate
9:58:02 PM,-34.9665,179.3498,220,490,564,39000,FlightAware ADS-B (WHK / NZWK)
8:43:24 PM,-27.5551,-174.4941,208,,,37975,FlightAware Approximate
9:25:31 PM,-32.1904,-177.9689,218,,,37975,FlightAware Approximate
10:38:51 AM,33.9123,-118.8288,263,290,334,10700,FlightAware ADS-B (KSAN)
10:36:35 AM,33.9184,-118.6242,267,269,310,5625,FlightAware ADS-B (KLAX)
10:39:21 AM,33.907,-118.8826,263,311,358,11200,FlightAware ADS-B (KMHV)
11:15:09 AM,32.8419,-124.0667,242,486,559,34000,FlightAware ADS-B (KSBP)
7:41:05 PM,-20.3424,-170.1979,208,,,37975,FlightAware Approximate
11:01:53 AM,33.5374,-122.1593,262,463,533,34000,FlightAware ADS-B (KSBA)
10:32:32 PM,-36.8869,175.2045,248,272,313,5450,FlightAware ADS-B (AKL / NZAA)
10:01:18 PM,-35.3101,179.0012,220,489,563,38975,FlightAware ADS-B (NZRW)
5:58:43 PM,-9.1618,-162.3203,219,489,563,37975,FlightAware ADS-B (MHX / NCMH)
10:26:37 PM,-36.7023,175.7563,247,337,388,12900,FlightAware ADS-B (NZKE)
5:11:21 PM,-4.1,-158.2667,219,485,558,38000,Oakland Oceanic
6:18:19 PM,-11.2129,-163.9525,218,,,38000,FlightAware Approximate
9:18:47 PM,-31.4915,-177.3277,218,,,37975,FlightAware Approximate
6:54:38 PM,-15.0253,-167.0147,209,,,37975,FlightAware Approximate
9:26:48 PM,-32.3232,-178.0922,218,,,37975,FlightAware Approximate
6:17:15 PM,-11.1018,-163.8648,218,,,38000,FlightAware Approximate
10:13:43 PM,-36.1573,177.3304,246,459,528,34275,FlightAware ADS-B (NZRW)
10:34:39 PM,-36.9409,175.0425,250,196,226,4100,FlightAware ADS-B (AKL / NZAA)
10:19:57 PM,-36.4464,176.5055,247,383,441,23050,FlightAware ADS-B (TRG / NZTG)
10:37:39 AM,33.9175,-118.7197,270,271,312,8400,FlightAware ADS-B (KLAX)
9:42:44 PM,-33.9621,-179.6541,219,,,37975,FlightAware Approximate
10:42:57 AM,33.8627,-119.3209,263,398,458,15575,FlightAware ADS-B (KSNA)
8:59:22 PM,-29.4057,-175.6264,209,,,37975,FlightAware Approximate
5:49:56 PM,-8.2251,-161.5658,219,490,564,37975,FlightAware ADS-B (PYE / NCPY)
7:37:31 PM,-19.9305,-169.9569,210,,,37975,FlightAware Approximate
10:59:22 AM,33.5852,-121.777,263,463,533,33575,FlightAware ADS-B (KSBA)
7:23:49 PM,-18.3683,-168.9994,210,,,37975,FlightAware Approximate
9:14:04 PM,-31,-176.8843,217,,,37975,FlightAware Approximate
10:16:51 PM,-36.3094,176.9004,247,416,479,28250,FlightAware ADS-B (NZPI)
7:04:43 PM,-16.1824,-167.6927,209,,,37975,FlightAware Approximate
9:54:04 PM,-34.55,179.7667,219,486,559,37975, New Zealand
7:07:08 PM,-16.4595,-167.8563,210,,,37975,FlightAware Approximate
10:10:08 PM,-35.9686,177.8556,246,472,543,39000,FlightAware ADS-B (TRG / NZTG)
8:19:27 PM,-24.7643,-172.8527,209,,,37975,FlightAware Approximate
7:47:55 PM,-21.1331,-170.6586,209,,,37975,FlightAware Approximate
3:25:46 PM,7.3667,-149.1333,218,506,582,36000,Oakland Oceanic
8:20:34 PM,-24.8923,-172.9326,210,,,37975,FlightAware Approximate
10:32:12 PM,-36.8774,175.2334,248,270,311,5875,FlightAware ADS-B (AKL / NZAA)
10:17:51 PM,-36.3534,176.7725,247,415,478,26575,FlightAware ADS-B (WHK / NZWK)
10:38:20 PM,-36.9975,174.8388,251,147,169,1200,FlightAware ADS-B (AKL / NZAA)
5:54:40 PM,-8.7303,-161.972,219,491,565,37975,FlightAware ADS-B (MHX / NCMH)
10:54:25 AM,33.6768,-121.0146,262,480,552,28275,FlightAware ADS-B (KCMA)
10:49:50 AM,33.7578,-120.303,263,458,527,24050,FlightAware ADS-B (KSMO)
5:45:21 PM,-7.7369,-161.1743,219,487,560,37975,FlightAware ADS-B (PYE / NCPY)
8:38:59 PM,-27.0409,-174.1873,208,,,37975,FlightAware Approximate
6:14:54 PM,-10.8568,-163.6719,218,,,38000,FlightAware Approximate
6:02:37 PM,-9.5768,-162.6563,219,487,560,37975,FlightAware ADS-B (MHX / NCMH)
6:02:01 PM,-9.5116,-162.6036,219,489,563,37975,FlightAware ADS-B (MHX / NCMH)
10:29:09 PM,-36.7897,175.4966,247,283,326,10425,FlightAware ADS-B (AKL / NZAA)
10:26:04 PM,-36.6822,175.816,248,337,388,13850,FlightAware ADS-B (AMZ / NZAR)
8:54:49 PM,-28.8793,-175.2997,208,,,37975,FlightAware Approximate
1:49:46 PM,18.0333,-140.9167,214,502,578,36000,Oakland Oceanic
9:51:00 PM,-34.2333,-179.9167,219,489,563,37975, New Zealand
7:05:55 PM,-16.32,-167.7739,210,,,37975,FlightAware Approximate
10:07:32 PM,-35.8291,178.2389,246,468,539,39000,FlightAware ADS-B (TRG / NZTG)
6:52:15 PM,-14.7767,-166.8167,218,,,37975,FlightAware Approximate
11:54:36 AM,30.2333,-129.5333,240,486,559,34000,Oakland Oceanic
11:09:27 AM,33.1951,-123.2575,244,477,549,33975,FlightAware ADS-B (KSBA)
6:47:45 PM,-14.3116,-166.4366,218,,,37975,FlightAware Approximate
12:04:12 PM,29.3833,-130.6667,222,503,579,34000,Oakland Oceanic
10:58:04 AM,33.6095,-121.5778,262,465,535,32475,FlightAware ADS-B (KTOA)
10:24:03 PM,-36.6081,176.0341,247,350,403,16650,FlightAware ADS-B (NZPI)
10:34:03 AM,33.9354,-118.4232,262,182,209,750,FlightAware ADS-B (KSNA)
6:11:41 PM,-10.5213,-163.4082,218,,,38000,FlightAware Approximate
10:49:34 AM,33.7621,-120.2632,263,457,526,23725,FlightAware ADS-B (KTOA)
